{
  "fs": 256,
  "win_len": 256,
  "stride": 64,
  "train_ids": [
    1,
    2,
    3,
    4,
    5
  ],
  "val_ids": [
    6
  ],
  "test_ids": [
    7,
    8
  ],
  "pos_ratio_train": 0.06680901542111506,
  "pos_ratio_val": 0.08788471802170432,
  "pos_ratio_test": 0.04287493328589219
}